first_name,last_name,address,city,state,postcode,date_of_birth,phone_number,email,user_name,password,ipv4,ipv6,mac_address,domain_name,url,color_name
,Diaz,"Cuesta Yolanda Arjona 16
Ávila, 07971",Badajoz,La Rioja,28834,1993-09-11,+34980 98 35 05,diegosierra@example.com,wblanes,,215.85.7.22,2092:55d7:de90:dc03:23e4:30e3:32e8:e7dc,62:a3:9e:62:70:8a,camps.net,error_value,
Eufemia,Roldán,"Pasadizo Asunción Marín 46
Teruel, 14176",,,INVALID,1996-03-26,INVALID,fatima17@example.com,coronadocipriano,,118.3.19.137,883d:a482:5ed7:bd51:f9c3:4cd5:fef:ba7d,0e:59:97:47:47:ef,gallo.es,http://www.hnos.net/,Amarillo claro
,Montes,"Pasadizo de Nicanor Camps 3 Puerta 6 
Vizcaya, 43671",Albacete,,28011,1970-01-06,INVALID,eloymanzanares@example.net,,,119.151.113.151,57fe:4ebf:4604:aaf4:474b:86b5:72e9:b1ac,68:2e:88:ff:55:6d,pascual.es,http://www.familia.org/,Azul azur
,Delgado,"Calle de Elisa Sancho 45 Piso 1 
Pontevedra, 14611",,Guadalajara,11672,1930-05-22,+34978 418 010,ziglesia@example.net,estela72,+T63oEVwu@,error_value,bbf7:efe9:2f8:f9c1:198f:a128:22cd:64f0,98:a5:c9:62:8f:a6,custodio.es,https://banco.com/,
Leocadio,,"Alameda Fabio Navarro 81
Baleares, 05072",,Cuenca,39465,1923-12-26,INVALID,agalvan@example.com,aurelio01,^Q2Y(QgywU,error_value,a3d1:b0d1:65c3:822b:2c93:1b0c:83eb:9ac,error_value,logistica.net,http://www.familia.com/,Azul pizarra oscuro
Haydée,Lago,"Plaza de Ángel Salinas 44
Jaén, 44625",Granada,Toledo,42372,1980-03-20,INVALID,tanton@example.com,wmarmol,es2EIarb##,47.187.209.100,fe16:830:dc1f:d000:81bb:65f2:3794:323e,error_value,alimentacion.es,https://camps.com/,Verde pálido
Amador,,"Calle Santiago Fajardo 61 Puerta 0 
León, 05780",Jaén,Zamora,INVALID,1955-11-01,INVALID,qroman@example.com,rreina,E$4J!ma+#3,84.66.191.143,56cb:5a77:9007:b557:5d19:8137:d940:717f,36:f5:fd:ab:4b:d8,restauracion.es,https://pili.es/,Beige limón
Dan,,"Avenida Cruz Quevedo 54 Puerta 2 
Ourense, 29083",Badajoz,Asturias,11430,1939-01-01,+34 876 11 70 37,camilasalamanca@example.org,bertranangelica,Q0f5r5Tr^M,156.18.0.141,bf03:80e0:a5e2:bda5:3a3d:2667:dd12:355b,bc:77:d5:a6:2e:c3,fabrica.com,https://tecnologias.es/,Verde
Donato,,"Avenida Octavia Lucena 76
Córdoba, 05126",La Coruña,Ávila,INVALID,2011-04-12,+34 887 77 77 59,loretocortes@example.com,fidel86,%e1lGOmXs%,82.208.160.233,71ec:7e28:5734:d177:65f4:4184:fbe6:21c3,02:58:99:f8:6b:3c,alimentacion.com,https://palacio.com/,Verde oscuro
Amor,Solano,"Ronda de Agustina Campos 18 Apt. 79 
Ciudad, 05170",La Rioja,Badajoz,42355,1974-03-05,+34973 86 86 19,rgaya@example.net,quirino26,$E0Hb2O)D!,129.186.113.173,9b1f:106b:7c77:287:7344:6de4:43bb:2f54,3a:a4:a8:e2:5a:de,noriega.es,error_value,Marrón arena
,,"Pasaje Fanny Falcón 71
Cuenca, 40884",,Cuenca,24854,32-13-2022,INVALID,mansogodofredo@example.net,pinaaraceli,*iSDDd2m0u,60.250.45.14,fbde:3cb9:6145:a015:a9fd:4465:2f63:4dde,c8:e9:de:9a:18:79,verdugo.com,http://hermanos.es/,Oro
Florencio,Santiago,"Ronda Bernarda Ledesma 25
Teruel, 07420",Burgos,Salamanca,23881,1979-09-27,+34 806 06 41 64,,serranoerasmo,)oBo8Wg9W^,118.149.208.254,b18f:a062:d34e:9c5b:447a:bfee:2144:4caf,7a:1b:27:0a:9d:a1,error_value,https://www.hermanos.com/,Beige antiguo
Fidel,Roldán,"Glorieta de Morena Escamilla 59
Asturias, 46170",Almería,Cádiz,15199,1924-08-31,INVALID,velezamancio@example.com,,,110.241.64.201,3f56:8cfa:d661:d81:6003:18c7:abd4:230f,56:10:a5:f3:e1:45,isern.com,http://baron.com/,Azul pizarra oscuro
Jordán,Font,"Paseo Atilio Montserrat 431 Puerta 8 
Álava, 02932",Pontevedra,,42298,1929-01-21,INVALID,zdelgado@example.org,paola74,,71.243.41.10,a01f:eeab:9713:96e4:9b97:1eac:e337:c723,30:c5:28:14:ee:f7,familia.com,http://www.mancebo.net/,Amarillo dorado pálido
Isaac,Haro,"Paseo Amaya Monreal 6
Zamora, 35034",Santa Cruz de Tenerife,Las Palmas,43897,1965-06-05,+34 824768852,ycarro@example.org,maura55,yTT+9VsoX*,19.101.120.214,4535:8655:2f2f:e2d:d1d3:2ef3:182e:bece,14:a7:24:f2:61:3b,juanita.net,http://www.macias.es/,
Rosa María,Albero,"Paseo de Sancho Vilaplana 12 Piso 3 
Valencia, 13678",Alicante,Santa Cruz de Tenerife,10416,2013-01-02,INVALID,rubioolimpia@example.com,leocadio23,y%2Xu*#2pz,103.247.37.55,error_value,error_value,hernandez.org,http://construccion.es/,Violeta
Lucio,Guijarro,"Pasaje Gerónimo Chico 10
Navarra, 32916",Valencia,,10033,1999-01-24,+34821 79 90 44,walter99@example.com,pinillaalfredo,!8keVRRcLv,208.113.106.212,31ca:a348:1089:2f47:3c50:478e:c2ce:7ff,82:d3:7a:63:92:c5,miguela.net,https://www.baro.es/,Fucsia
Luis,Pastor,"Alameda de Elisabet Frutos 17 Puerta 2 
Valencia, 26831",Ourense,Córdoba,INVALID,1979-04-02,+34 932 01 73 75,,eustaquiovillalobos,7bNkIOCL#H,error_value,6e6d:3554:e2dd:ce9a:8beb:bbfd:26a0:133a,error_value,hervia.org,https://www.logistica.com/,Negro
,Bustamante,"Alameda de Narcisa Ortuño 40 Piso 8 
Ceuta, 39253",Melilla,,38436,1921-05-23,INVALID,,berenguerreynaldo,,18.6.114.197,5841:d78e:61c1:de77:8254:8c06:ed0e:d615,cc:e2:b6:f7:6f:03,suministros.net,http://hermanos.org/,
Anabel,Iglesias,"Plaza de Juana Vallejo 44 Piso 9 
Jaén, 30680",Álava,,INVALID,1920-03-08,+34 946969433,fuenteamador@example.net,,,69.137.6.37,a2e4:c952:fcb9:5ba2:3b33:a8b3:6736:df5,08:cd:0d:38:94:b0,error_value,https://banco.com/,
Diego,Aranda,"Callejón de Porfirio Amores 98 Apt. 14 
Murcia, 24174",Huelva,,INVALID,1948-08-30,+34 962 400 132,ocanaandrea@example.net,,#&_3Iit282,103.203.132.135,7635:4474:864d:6a96:3283:9285:663:b0f9,error_value,desarrollo.org,https://chita.es/,Azul azur
Malena,Jerez,"Acceso de Nazaret Campo 36
La Coruña, 07918",,Ceuta,03010,2013-06-06,+34 885 25 62 42,tania83@example.org,galindopascuala,A+b8Pdo%vc,170.153.126.49,a728:eccb:3f3e:f177:338e:7ef:f13a:cb86,04:7a:cb:57:12:b9,grupo.es,http://gelabert.es/,Azul acero
Baltasar,Prat,"Calle Josué Arce 58 Piso 1 
Santa Cruz de Tenerife, 17948",Badajoz,,04531,32-13-2022,+34 878 657 474,mercaderabraham@example.com,valcarcelnuria,)50dZdUuo^,183.118.109.22,error_value,error_value,andreu.org,error_value,Blanco nieve
Oriana,Coronado,"Camino Natividad Gil 7
Murcia, 05607",Zaragoza,Ceuta,16311,1950-04-22,+34 950 061 650,ignacialamas@example.org,cabelloencarna,(b5Nc!1Ssw,error_value,f6e8:8207:b188:4e15:9ea1:d07e:6541:1c3a,14:c0:55:b6:62:12,palacio.es,http://instalaciones.es/,Azul azur
Berto,Canet,"Glorieta de Martina Olmo 492 Puerta 3 
Soria, 20836",Ávila,Soria,INVALID,32-13-2022,+34925 07 34 34,nespana@example.org,rafaelpalomino,P^1!B*BtmK,96.149.132.74,2a2:cdb0:c76a:2763:2960:a1b2:f9ec:bb1a,ac:85:76:bc:fc:14,infraestructuras.net,http://higueras.com/,
Pacífica,Hierro,"Plaza Dimas Trillo 90
Ávila, 41291",Zaragoza,Guipúzcoa,29815,1914-06-01,+34872 361 952,montserratsimon@example.com,danilorodenas,L1RwXNYd$S,79.135.11.70,error_value,error_value,alimentacion.org,http://www.banco.net/,Blanco concha
Ibán,Raya,"Urbanización de Carolina Baños 68 Puerta 4 
Tarragona, 12721",Valladolid,Pontevedra,32391,1959-05-11,+34 807 87 22 37,luna29@example.net,vgallego,Fe)E^MCf+2,error_value,a110:fcee:d0db:8e5b:59c6:9568:d1d9:7e31,84:ab:1d:30:58:bf,error_value,http://climaco.org/,
Cebrián,Soto,"Rambla de Toribio Neira 229
Albacete, 02789",Soria,Badajoz,47984,1933-12-04,+34 871 425 846,leonadora@example.org,,,error_value,31df:aa71:b21f:9a76:a97b:6bde:a2ac:62a3,90:bd:72:2b:33:82,error_value,http://amigo.net/,
Delfina,Viana,"Plaza de Vicenta Gonzalez 69 Piso 6 
Guipúzcoa, 37095",Ávila,Cantabria,INVALID,1988-05-01,INVALID,gisbertluz@example.com,,Rf+hJlTd+0,72.18.211.195,c96c:937b:78ae:ded5:ab6a:b5f7:4764:674f,0a:42:55:9b:53:94,supermercados.es,error_value,
Daniel,Roselló,"Calle de Régulo Arana 21 Apt. 40 
Cantabria, 17800",Murcia,Guipúzcoa,38720,2023-01-28,+34 824 01 33 15,escamillaelias@example.net,adoracionpujol,5bn^6EvR%X,error_value,error_value,aa:45:a4:0f:15:fe,despacho.org,http://supermercados.es/,Verde lima
Clímaco,Raya,"Alameda Eugenio Estévez 84
Córdoba, 08732",,Jaén,49697,1920-02-10,+34828 424 541,jdiaz@example.com,fegea,,error_value,ea57:f59c:f190:644:53e7:d243:6532:917,dc:53:14:7e:0b:f4,finanzas.com,http://www.alcaraz.es/,Azul cadete
Piedad,Elías,"Paseo de Abril Gomez 56
Lugo, 32413",Tarragona,Soria,10441,1918-01-05,+34842 852 219,rebecaamoros@example.com,padillamar,i1$Qd!)z)I,114.197.135.87,6cfa:1a18:fce6:749b:3b0e:4db9:55cb:8824,ce:58:71:18:e6:86,manufacturas.org,http://restauracion.com/,Azul acero
,Fuente,"Plaza de Merche Mayol 55 Piso 1 
Ávila, 46394",Álava,Almería,14250,1935-09-02,INVALID,cherrera@example.net,graciela17,^H&3Hb3XU2,99.165.161.250,ea05:1f5:ca34:a0b5:bb3d:e320:a8d:ce72,e8:1c:c3:65:c3:f9,error_value,http://www.nogueira.org/,Verde mar
,Linares,"Rambla de Cándido España 250 Puerta 4 
La Rioja, 39786",Madrid,,INVALID,2021-04-02,+34928 43 25 03,belen10@example.net,gbaena,,212.11.9.111,6223:e064:774a:90c5:46dd:570f:8d17:684d,ee:dc:32:8e:03:ed,grupo.es,http://www.consultoria.com/,
,Bayo,"Pasadizo Jordana Matas 507 Puerta 0 
Huelva, 31437",Ceuta,Ourense,41131,32-13-2022,+34 877113021,ursulacanas@example.com,candelariatirado,%G+Tz(Pmg1,92.86.40.248,4b54:433e:2eb:f815:f162:8a8e:c27b:a4f0,0c:5b:8d:d4:3c:e0,banco.com,https://www.inversiones.es/,Azul anciano
Evaristo,Ochoa,"Pasaje Modesta Abellán 61
La Rioja, 24375",Burgos,,29426,2010-10-13,INVALID,lsalamanca@example.net,,&0J+Gnwq5L,215.4.229.213,3e99:3d5b:6884:6391:739b:eabb:6f65:50ec,error_value,mineria.com,http://prado.net/,
Sebastian,Sebastián,"Callejón de Jordi Luís 75
Guipúzcoa, 22774",Lugo,Alicante,03014,1967-07-14,INVALID,ralcolea@example.org,amancioperera,YD7xJLau*+,135.17.13.221,bd2b:42b5:f400:f18b:f252:ec58:6d5e:34c4,error_value,error_value,https://www.paca.com/,Marrón cuero
Amancio,Manjón,"Pasadizo de Prudencia Serrano 67 Piso 2 
Ourense, 32287",Girona,Málaga,17906,1939-05-05,+34847602880,anastasia45@example.net,bfernandez,K8qWpUyf!r,39.61.38.21,7592:a6b5:d76a:5679:56a2:dd6a:96c0:a199,error_value,error_value,http://angelica.es/,Rojo anaranjado
Montserrat,Calatayud,"Paseo Ambrosio Amor 963
Baleares, 26832",Sevilla,La Rioja,04474,2019-03-04,+34 977 78 36 06,amadareina@example.net,cardonacurro,B9F+(m)c+q,error_value,a476:59e3:3912:d0f5:18ef:2d8d:7f74:613f,error_value,salome.es,http://banco.com/,Amarillo dorado pálido
,,"Rambla Gisela Olivares 9 Piso 8 
Zaragoza, 51462",Guipúzcoa,Las Palmas,21283,2001-08-06,INVALID,elias16@example.net,felipe66,q!qh^5QbuO,12.88.218.32,error_value,fa:3b:30:c6:b2:27,promociones.net,https://desarrollo.com/,
Merche,Reina,"Callejón de Rodrigo Guzmán 769 Apt. 98 
Navarra, 08139",Granada,Cádiz,13330,1995-09-17,+34 825290974,benavidesazahar@example.org,pepita46,o_6t9Z1rWI,202.191.64.113,ca84:32da:f562:a044:55ab:cee0:7900:8213,a2:56:cd:21:fd:1b,giner.es,error_value,
Evaristo,Jódar,"Callejón Lorena Verdejo 55
Ciudad, 43950",Madrid,Ceuta,32056,1915-01-19,+34 987739104,lorenzo87@example.org,eleuterio77,h&5)BD0h(k,43.145.142.239,2dd9:65c:1fb7:42c2:59ee:54a7:2fc:ce86,36:8d:8f:5c:b0:69,farmaceutica.com,error_value,Azul pizarra
Armando,Rozas,"Glorieta de Ramona Costa 79 Puerta 9 
Cáceres, 41518",Barcelona,Ourense,28225,1970-01-31,+34930 85 80 74,vilaplanaanselma@example.com,javiberenguer,1cKwYWTu)3,18.162.253.16,7226:8eb5:c6eb:8a66:a795:41b0:3b15:6640,error_value,riera.com,https://www.nebot.es/,Cyan oscuro
Valero,Bonilla,"Pasadizo Olimpia Checa 55 Puerta 5 
Córdoba, 44288",,,19553,2011-02-05,+34 948849711,deborabarbero@example.com,feliubrunilda,*X@5PBkeVx,139.147.133.180,ca40:c8ae:8d43:9992:4bd1:4289:c475:954f,error_value,error_value,http://hermanos.es/,Verde mar
,Tapia,"Camino de Pepito Alcalá 96 Apt. 77 
Huesca, 49177",Córdoba,,INVALID,32-13-2022,+34 877 57 49 60,costaraul@example.org,,7)fK1jBtV7,214.202.180.238,26d2:39fb:9d63:c291:897e:bbfd:6887:2e9e,f4:3d:03:55:39:c9,error_value,http://www.despacho.es/,Marrón
,Verdejo,"Pasadizo de Rogelio Cepeda 8 Piso 7 
Cuenca, 40034",Lugo,,22921,1937-06-13,+34 666305241,pmillan@example.net,vascoperal,,76.107.37.76,8c9f:e4d0:db6b:6e1b:615f:cffc:d5a2:2aa8,08:06:fe:0c:d0:67,guzman.es,error_value,Azul acero claro
Bienvenida,Almazán,"Via Aura Comas 41
Segovia, 02163",Pontevedra,Zaragoza,43598,1966-09-23,+34948 00 29 12,buenoagueda@example.net,felixcuadrado,,146.13.230.132,6b0e:b5a7:15f7:7573:aa1e:e477:fc99:969a,7a:89:7f:bc:cc:b2,giner.net,https://finanzas.es/,Azul cielo
Emiliana,Bastida,"Glorieta de Fermín Teruel 82
Murcia, 33171",Ciudad,Córdoba,03926,1984-12-15,+34875 389 541,respada@example.org,teodoracampos,,78.172.92.71,5715:1842:daeb:3145:1815:1852:23ba:fcda,9a:7c:24:d9:a6:42,barreda.com,http://www.finanzas.org/,
Alonso,Alemán,"Via Amaya Lobato 71
Guadalajara, 25302",,Segovia,29631,32-13-2022,+34880130428,zboada@example.net,elpidiocobos,z3IkdVnz&k,33.122.12.68,9cb1:1173:1862:b49e:7187:1d22:1561:d58e,ea:c4:5d:77:e3:16,hotel.es,http://www.banco.com/,Magenta
María Pilar,Juliá,"Pasadizo Fabio Paniagua 42
Ceuta, 51520",Huelva,,19135,1951-09-09,+34 842386175,,,A364jNXiX(,215.63.25.113,c117:5f86:eb72:ec5:776b:fa18:9cfc:7459,d4:07:ef:80:28:95,fabrica.org,https://www.comercial.com/,Gris mate
,Cervera,"Calle de Encarna Girón 49 Puerta 0 
Cantabria, 44974",Baleares,,18445,2001-01-26,+34988762178,modestoplanas@example.org,fvalero,,56.156.130.8,cbfb:4c0a:f471:f08d:f494:b506:5b25:c846,fc:a4:0c:4a:fb:19,hnos.es,http://primitivo.es/,Verde primavera
Luz,Gaya,"C. de Manu Carlos 62 Apt. 43 
Ceuta, 48797",Alicante,Lugo,34672,1994-07-26,+34883 013 403,quirosjuan-carlos@example.com,bayonemiliana,,222.236.143.190,error_value,6a:85:0f:6f:15:2a,maestre.es,https://inmobiliaria.es/,
César,Pomares,"Glorieta de Abraham Duque 57 Puerta 7 
Huelva, 34610",,Huelva,24975,32-13-2022,+34 974 188 351,francisco-josecortes@example.org,,,error_value,69d0:5ee3:b7e5:f038:16b3:be9d:5eec:9a6,98:55:ef:67:01:fa,hermanos.es,http://hilda.es/,Rojo carmesí
Demetrio,Álvarez,"Alameda de Leticia Nicolau 62 Apt. 29 
Las Palmas, 42883",Lleida,Lugo,30807,1987-10-01,INVALID,joelpablo@example.org,,#0dAJEAunj,56.136.223.131,3811:fe8b:aabb:1ebd:9792:1c7f:e43:bad7,18:c9:9d:24:0c:0d,suministros.com,https://www.instalaciones.com/,Melón dulce
,Barbero,"Pasadizo de Geraldo Macías 37 Apt. 89 
Guipúzcoa, 04046",Álava,Soria,INVALID,1998-01-26,+34 887 06 85 40,infantecarlos@example.org,ubarco,,error_value,f568:4376:64f0:2d7d:5d72:6d6e:84df:27ea,e8:66:2d:66:ae:bd,finanzas.net,error_value,Oro
,Pombo,"Avenida Prudencia Borja 23
Palencia, 03968",Navarra,León,38954,1979-02-22,INVALID,jcarnero@example.net,,,25.115.217.218,790b:9db6:7eb2:65e3:d153:e687:89c3:9473,18:f4:00:ed:96:68,instalaciones.es,error_value,Orquídea
,Adadia,"Rambla de Marcelino Francisco 8
Cuenca, 40029",Zaragoza,Pontevedra,13668,2024-07-18,+34 972 624 440,,,F%x6DSpPLV,40.243.4.54,d6e5:96f5:97e6:1e0c:7360:473:6b0b:6bd0,error_value,consultoria.org,https://www.consultoria.org/,Gris pizarra
,Gil,"Urbanización Etelvina Torrens 902 Puerta 3 
Teruel, 32449",Albacete,La Rioja,02532,1962-12-30,+34 926 27 53 93,pcabanas@example.net,arcemanuel,,129.234.251.159,310:47b1:db2c:b878:77f2:dc81:7c8d:19f2,10:3f:f9:1e:b8:88,familia.es,error_value,
,Estrada,"Via Luciano Mulet 3
Álava, 07828",Soria,,INVALID,1958-03-09,+34 858 92 20 27,,hsalgado,W(vA^7CmS),error_value,2927:f8b:8d98:84ea:9c99:f80d:282f:5a0f,58:77:78:9b:2c:66,almudena.com,http://www.inversiones.com/,Ciruela
Efraín,,"Via de Lupe Domínguez 2 Piso 7 
Tarragona, 05771",Cádiz,Granada,40253,1967-10-26,+34941 023 335,slujan@example.com,marcio08,9wH_o!io)V,153.149.82.110,ba55:52ba:8137:34a3:9b8a:b42b:e0ea:f40e,d8:b1:71:76:b2:1b,error_value,error_value,Azul medianoche
Armando,Olivera,"Rambla de Celso Morán 890 Piso 2 
Soria, 16565",Álava,Segovia,10650,1980-04-06,INVALID,oguardia@example.com,mariano09,+qws8GmJm3,206.62.28.209,b6a5:7531:cb5b:817f:d6a6:4963:371:4e97,5a:69:bb:e3:2f:da,hnos.org,http://www.hermanos.net/,
Alcides,Sevillano,"Ronda Armando Marti 738
Granada, 46925",Granada,Alicante,22724,1998-01-04,+34 709 89 14 80,pedrosapaola@example.net,cobogabino,,145.102.57.15,7e4e:9358:d58d:c6b4:bc1d:c975:c281:25ca,5c:9e:aa:26:c3:67,familia.es,http://www.distribuciones.com/,
Bernardo,Suarez,"Camino Pelayo Castillo 84 Piso 9 
Jaén, 39130",Guadalajara,Ávila,19134,1968-04-01,INVALID,,folchsusana,@4k6BYxb+b,error_value,ee2:8e84:7609:2f71:2cb7:b397:40a:ecd5,56:bf:d9:4f:36:f8,error_value,error_value,
Melchor,Farré,"Avenida Fausto Perera 9 Puerta 0 
Cáceres, 13549",Ciudad,Las Palmas,12333,1982-12-06,+34941 605 765,abriltecla@example.com,edgardosimo,^YH#MaMsK7,111.130.254.78,3107:93a3:85f9:45c1:b4ca:7cbd:e074:efa3,a4:0f:f7:e8:5e:6f,error_value,error_value,Chocolate
Roldán,Camps,"Glorieta Reina Ocaña 293 Apt. 86 
Alicante, 47453",,Girona,22293,1940-11-18,+34942627876,alfredolarranaga@example.net,,C_19I%iv!Q,error_value,1259:708c:606:18a:10f4:5db8:5595:26b7,b6:7b:5e:11:59:d8,vinas.com,https://manufacturas.org/,
Aurelia,Carbó,"Alameda de José Ángel Fajardo 47 Piso 8 
Cantabria, 43000",,,14052,32-13-2022,INVALID,,companypepita,Wr(70MFnwL,34.152.239.82,error_value,66:c6:35:a1:f9:80,casas.org,https://distribuciones.com/,Azul polvo
Abigaíl,López,"Pasaje de Úrsula Bermejo 167
Ceuta, 42424",Ávila,Guadalajara,46753,32-13-2022,INVALID,ftovar@example.com,,_I1JEbpriU,74.97.71.89,3686:6233:8cfc:80a0:2742:b1c8:2324:bd46,76:97:0e:32:ea:fa,aller.net,error_value,Gris claro
Eutimio,Querol,"Avenida de Flavio Prieto 7
Ávila, 05706",Soria,Salamanca,29824,2021-11-10,INVALID,,marciaprat,,error_value,60c2:2065:8c5f:d891:3fbd:6c3a:71c7:4580,82:03:84:34:9e:77,tecnologias.com,http://hotel.net/,
,Fernández,"Rambla Lara Palau 49 Piso 3 
Cádiz, 07241",Huesca,Ávila,24287,1930-03-21,+34838953542,teclarojas@example.com,maria-teresavilaplana,+5HUpMD^$R,179.220.108.8,7338:c3aa:fb0:4b7d:733f:26eb:8e2f:32a7,f6:fc:ac:3f:84:f6,restauracion.es,http://www.mineria.com/,Chartreuse
Baltasar,Vargas,"Cuesta Ciriaco Roca 461 Apt. 34 
Castellón, 30967",Córdoba,Girona,INVALID,1998-02-03,INVALID,angelitacoronado@example.com,hcamps,Qo@5VCpBQt,36.40.245.178,1bdc:b6b3:877e:e52:a810:50c7:ee5f:3d97,2e:db:79:5b:aa:f0,talleres.com,https://www.grupo.com/,Turquesa pálido
Jorge,Cueto,"Avenida de María Luisa Rodrigo 78 Puerta 8 
León, 35004",La Rioja,Huelva,20165,1976-05-11,+34882 32 80 33,tatiana24@example.org,,5t$h5TBj62,error_value,cbf6:d1e2:1b16:39bc:b2a0:e73d:8adb:f0e,error_value,tecnologias.es,http://fabrica.org/,Rojo anaranjado
Melisa,Tomas,"Cuesta Anita Sans 3 Apt. 29 
Zamora, 37102",Zaragoza,Melilla,33642,2013-05-13,+34 849781026,alonso69@example.net,,z1zT_SRh!v,129.242.212.12,error_value,8c:f5:47:81:8e:8c,consultoria.com,http://www.industrias.com/,
Belen,Vilar,"Glorieta Maximiliano Escobar 664 Piso 6 
Santa Cruz de Tenerife, 19149",Ávila,Huesca,37903,1913-09-24,+34876 407 343,,apoloniajimenez,)hLM@r_w2d,error_value,error_value,dc:f0:8f:4d:94:73,error_value,http://davila.com/,Azul acero claro
Imelda,,"Cuesta Isabel Román 6
Guipúzcoa, 27679",Almería,,41227,1947-01-05,+34 643 173 230,elvirajimenez@example.net,domingoluna,&&e4Qgj@H9,111.83.32.2,error_value,error_value,error_value,https://pla.com/,
Toni,Blázquez,"Calle Emma Navarro 206 Piso 4 
Tarragona, 21439",Sevilla,,13442,1937-04-13,+34 923657728,aguirrebrunilda@example.org,collclaudia,#BOCcxUq_6,121.56.45.138,2c28:353d:8898:1a5e:ca07:3f9:974:2943,9c:d0:52:0d:f9:81,error_value,error_value,Azul marino
,,"Pasadizo de Segismundo Estévez 48 Puerta 7 
Cáceres, 46608",,Navarra,40637,1999-07-20,+34848 68 27 73,martinomar@example.com,irmabermudez,y7dB7jAaV(,78.95.155.31,error_value,1c:e8:d1:17:d8:f3,hotel.es,error_value,Marrón siena
Leonardo,Torrijos,"Pasaje Duilio Burgos 88 Piso 2 
Cáceres, 10544",Murcia,Soria,04226,1916-10-01,+34 876285670,npalmer@example.net,leonciolosada,,44.162.70.141,69fc:caed:89b7:d5df:a6be:e997:284a:aa21,fc:84:f1:49:d1:0c,error_value,error_value,Rosa brumoso
Mauricio,Calvet,"Acceso Salomón Perales 48
Málaga, 35699",Las Palmas,,19768,32-13-2022,INVALID,marinaperello@example.org,,,204.91.37.13,61f:190e:81ef:b3c1:20b8:39e1:368e:16f5,28:06:f9:fe:af:da,salvador.net,error_value,Lima
,Barrena,"Glorieta de Ariel Bernal 471 Piso 5 
Pontevedra, 14747",Lugo,,40285,1980-05-28,INVALID,,charo39,,87.198.142.36,e6f2:f792:bd0:3628:ab0d:8159:f4b4:c2ec,82:a6:75:42:45:e2,alcaraz.com,http://grupo.com/,
Emigdio,Nicolás,"Via Modesta Valdés 164
León, 17787",,Valencia,38708,1915-11-04,+34981 01 15 82,leonardo41@example.net,nicodemobriones,_vBXr0Gv_7,119.229.117.131,b63e:7728:ecd0:e57:6ba8:c63d:9233:facb,c4:79:21:2b:c0:d7,suministros.com,https://falcon.com/,Turquesa
,Céspedes,"Via Rosario Heras 38 Puerta 9 
Córdoba, 50450",Cuenca,,02523,1931-09-13,+34883 09 12 83,ribajosefina@example.com,dripoll,&E8FyKj0YK,error_value,c483:4da8:29c9:5154:ca44:15ec:8586:d435,64:6b:05:15:97:00,industrias.com,http://www.despacho.com/,
Lupita,Molins,"Camino de Cristian Catalán 2
Málaga, 32578",León,Huesca,19787,32-13-2022,+34 927737264,pouirene@example.org,maria-jesus64,,error_value,9cef:d346:eddc:fbfd:1ea6:9cbb:d9bf:a13d,error_value,grupo.org,http://talleres.es/,Marrón perú
Edelmiro,,"Camino Valeria Seco 81 Piso 2 
Navarra, 24765",,,03436,2005-02-25,+34 820818761,patinozacarias@example.com,ramosnazaret,F8MxeVip$F,error_value,96f4:20a:ebfc:1571:d6b4:249f:b4bd:4a9c,c8:e8:33:49:b7:34,error_value,https://www.banca.net/,Verde bosque
Rodolfo,Morán,"Cuesta Prudencia Soler 78 Puerta 1 
Jaén, 42782",Teruel,,01815,1959-05-18,+34987 29 55 72,gdieguez@example.com,paredesveronica,+MARuvZzN8,134.18.96.53,9a7a:a68c:c89:a91a:b5c1:f417:530:34ad,fa:49:5d:22:ba:60,salgado.es,http://consultoria.net/,
Elisa,Meléndez,"Pasaje Fabricio Valera 46 Apt. 73 
La Coruña, 13581",Ciudad,Cuenca,48763,32-13-2022,+34945758083,florentino64@example.org,amattomasa,^7UYU2Xhd(,48.171.164.82,9a14:82a5:a1db:b041:5618:de27:49aa:6198,8c:23:4b:3f:2a:4d,amo.org,https://www.corominas.org/,Coral claro
,,"Pasaje de Eugenia Gual 846 Piso 7 
Zaragoza, 44280",Girona,Teruel,21096,1997-08-20,+34 859 172 207,seguraaurea@example.org,pradaulises,^)O_Yobv3*,204.131.42.67,80a4:9a1:d288:bbfe:c735:346d:4478:e38a,46:11:9f:ad:33:46,grande.com,http://azcona.com/,Verde primavera medio
,Quero,"Camino de Luna Adadia 339 Piso 6 
Girona, 04359",Teruel,Albacete,40742,32-13-2022,+34 978 614 419,adelaidacarpio@example.org,scastrillo,T4WNF%uG&T,131.75.225.113,error_value,84:17:b1:a3:cf:fe,llano.net,https://www.manufacturas.es/,Rosa profundo
,Baños,"Pasadizo Tatiana Barral 59 Piso 6 
Castellón, 03413",Teruel,Ávila,39468,32-13-2022,+34 879 443 478,blazquezeustaquio@example.org,canovasazucena,lM20ZfFex&,61.204.111.219,e84e:d460:a2d7:33d9:ff8c:5651:567d:6406,error_value,pujadas.com,https://abella.com/,
Anita,Mayoral,"Pasaje Jose Coca 2 Apt. 78 
Álava, 08041",Cáceres,Barcelona,INVALID,1948-10-26,INVALID,taboadatimoteo@example.com,isidro95,$phz&Pm6z0,193.48.253.192,3a35:5e09:4f13:78ed:40bd:161:52b7:329d,error_value,error_value,http://www.supermercados.com/,Rojo oscuro
Felicia,Cid,"Via Noé Pedrosa 87 Puerta 0 
Asturias, 51972",Cádiz,Castellón,INVALID,32-13-2022,+34803 44 73 56,galvancarlito@example.org,lupemachado,#vZ8RJbi!y,166.214.31.93,1856:488:4701:f785:423a:90e8:987:5832,96:de:00:57:b2:58,error_value,http://www.fabrica.com/,Beige mocasín
,,"Pasadizo Gabino León 91 Piso 6 
Granada, 50735",Álava,Madrid,34642,32-13-2022,+34 948055570,knunez@example.com,clementinabeltran,!l1sMIdfdd,105.209.16.87,f59:d5c4:7ce2:ab0e:8253:5695:7d47:dfc6,ac:f0:cf:bc:f2:9d,bruno.com,http://www.restauracion.net/,Rosa caliente
Isabela,Zorrilla,"Callejón Victor Manuel Nogués 11
Salamanca, 01875",Córdoba,Lugo,02755,1919-09-10,+34 806 18 89 42,claudio75@example.com,tarnaiz,,97.157.34.63,f57a:ace5:8386:f2a3:6abc:d28d:3f6d:dfcb,36:cd:ba:87:d3:30,walter.com,http://cabrera.net/,Verde claro
Nicodemo,,"Rambla de Ágata Vilanova 25 Puerta 5 
Pontevedra, 17292",Murcia,Huelva,37252,1967-05-06,+34942911802,delia80@example.com,nsalvador,@_uPd@_2#8,82.96.8.155,a05a:9dbf:4f0c:242f:66b7:c374:84cf:74fe,30:d5:22:bf:ad:3b,manufacturas.org,http://www.grupo.net/,Amarillo claro
Vicenta,Acosta,"Acceso de Sofía Amaya 36
Huesca, 49283",,,49467,1994-03-11,INVALID,suareznoelia@example.net,glorenzo,n5R&Upyk#f,error_value,error_value,error_value,soluciones.org,https://soluciones.com/,Gris pizarra oscuro
Manu,Gallego,"C. de Flavia Verdú 2 Apt. 87 
Toledo, 07027",Teruel,Toledo,INVALID,32-13-2022,+34948 63 63 83,wpuerta@example.net,abellanmaura,##PLiMDoq9,88.73.5.224,24e9:5144:e6f5:2397:d68d:1850:5bd5:dea0,dc:9e:58:a5:7c:85,industrias.com,https://acosta.es/,
Federico,Tamayo,"Alameda Lorenza Gámez 14 Puerta 6 
Málaga, 41613",Valladolid,Cantabria,51985,32-13-2022,+34884474597,perezblas@example.com,ynunez,)2$WJpm*Ai,173.61.216.22,error_value,de:a6:d8:db:85:42,santamaria.org,https://www.hotel.es/,Bisque
Lucas,Carballo,"Acceso de Trinidad Molins 77
Almería, 26238",Girona,Vizcaya,12765,1944-06-27,+34848889296,,olimpia84,&#8t6Nznop,191.120.231.145,34ca:cafb:6d16:6cec:bb03:53fd:49e2:3e97,26:ea:80:15:d0:66,restauracion.es,http://www.mayo.net/,Agua-marina
,Ortuño,"Callejón Nereida Quiroga 736
Ceuta, 28169",Salamanca,Salamanca,47793,1980-08-14,+34842 854 070,,cabelloleopoldo,juj5kAQrg!,125.217.219.120,9f22:43ac:fb47:9da0:b543:5712:884b:7c79,20:11:bf:79:fa:c5,hermanos.com,error_value,Azul violeta
,Vázquez,"Pasadizo de Rosenda Hidalgo 56 Piso 4 
Barcelona, 24983",Burgos,Zamora,33543,1924-10-01,+34900 01 39 12,isaacocana@example.com,,)%3KpBRfNp,171.105.37.67,a9c5:7f0b:1129:fc15:94c7:fb07:45dc:cd8c,42:12:da:d6:ea:d4,noemi.com,http://restauracion.net/,
,Villalonga,"Avenida de Federico Cámara 3
Zamora, 38024",Badajoz,,20003,2017-09-21,+34836232765,oarranz@example.org,pbermudez,(3MNpLvo33,129.149.188.57,390:df1a:6c14:e920:4e58:5e3d:c9b5:c613,d2:c8:27:a1:94:e5,perlita.org,error_value,Azul cielo claro
